City_ID,City,Lat,Lng,Max Temp,Humidity,Cloudiness,Wind Speed,Country,Date
0,chui,-33.6971,-53.4616,23.35,62,7,5.36,UY,1702313421
1,idri,27.5,13.2667,16.64,35,0,3.77,LY,1702313421
2,new norfolk,-42.7826,147.0587,10.95,98,85,0.93,AU,1702313421
3,smithers,54.7804,-127.1743,-3.82,93,100,1.54,CA,1702313421
4,iqaluit,63.7506,-68.5145,-17.15,78,75,9.77,CA,1702313422
5,kavieng,-2.5744,150.7967,27.51,82,97,2.82,PG,1702313422
6,longyearbyen,78.2186,15.6401,-5.09,68,75,8.75,SJ,1702313422
7,agaete,28.1002,-15.7,23.56,55,96,1.27,ES,1702313422
8,albany,42.6001,-73.9662,3.92,82,92,4.02,US,1702313378
9,obo,5.3998,26.4869,27.17,44,68,1.33,CF,1702313423
10,edinburgh of the seven seas,-37.0676,-12.3116,13.1,85,100,9.24,SH,1702313423
11,coos bay,43.3665,-124.2179,12.41,100,100,4.63,US,1702313423
12,cascais,38.6979,-9.4215,18.62,92,75,6.26,PT,1702313180
13,yellowknife,62.456,-114.3525,-21.71,84,20,4.63,CA,1702313424
14,papatowai,-46.5619,169.4708,7.69,79,36,7.98,NZ,1702313424
15,bethel,41.3712,-73.414,6.43,85,100,3.6,US,1702313424
16,jamestown,42.097,-79.2353,1.77,95,100,7.72,US,1702313424
17,banda aceh,5.5577,95.3222,26.1,86,93,1.88,ID,1702313425
18,new ulm,44.3125,-94.4605,-3.73,93,40,4.12,US,1702313425
19,kodiak,57.79,-152.4072,0.73,69,75,5.66,US,1702313425
20,adamstown,-25.066,-130.1015,21.34,60,4,2.22,PN,1702313426
21,kencong,-8.2833,113.3667,25.05,82,83,1.55,ID,1702313426
22,san vicente de canete,-13.0751,-76.3835,23.57,68,25,4.1,PE,1702313426
23,grytviken,-54.2811,-36.5092,4.81,87,97,5.29,GS,1702313426
24,yelanskiy,56.8419,62.5014,-35.42,100,8,0.6,RU,1702313426
25,lebu,-37.6167,-73.65,15.59,71,80,3.41,CL,1702313299
26,rongelap,11.1635,166.8941,27.6,78,38,8.31,MH,1702313427
27,avarua,-21.2078,-159.775,25.03,88,100,11.32,CK,1702313427
28,olinda,-8.0089,-34.8553,29.85,66,40,3.6,BR,1702313427
29,happy valley-goose bay,53.3168,-60.3315,3.17,81,100,0.0,CA,1702313272
30,fale old settlement,-9.3852,-171.2468,28.08,82,100,11.19,TK,1702313427
31,markala,13.7021,-6.0659,32.68,8,0,3.27,ML,1702313427
32,la romana,18.4273,-68.9728,29.2,70,20,5.14,DO,1702313239
33,alice springs,-23.7,133.8833,12.75,62,0,1.54,AU,1702313428
34,verkh-chebula,56.0308,87.6218,-33.44,100,53,2.38,RU,1702313428
35,san miguel,13.4833,-88.1833,31.78,51,0,4.12,SV,1702313245
36,bikenibeu village,1.3673,173.1241,26.98,94,40,1.03,KI,1702313428
37,puerto ayora,-0.7393,-90.3518,28.98,77,49,3.89,EC,1702313428
38,ushuaia,-54.8,-68.3,11.81,40,0,4.63,AR,1702313224
39,port-aux-francais,-49.35,70.2167,5.01,91,65,8.25,TF,1702313397
40,olonkinbyen,70.9221,-8.7187,0.0,94,100,7.36,SJ,1702313429
41,tendukheda,23.4,79.55,17.22,58,1,0.24,IN,1702313429
42,qaqortoq,60.7167,-46.0333,-2.12,93,100,8.31,GL,1702313429
43,puerto natales,-51.7236,-72.4875,12.25,43,75,7.2,CL,1702313429
44,vorgashor,67.5833,63.95,-21.82,95,100,4.55,RU,1702313429
45,seymour,38.9592,-85.8903,2.64,73,44,0.89,US,1702313284
46,alaghsas,17.0187,8.0168,24.94,20,0,9.77,NE,1702313430
47,hadibu,12.65,54.0333,25.06,65,9,5.16,YE,1702313430
48,christchurch,-43.5333,172.6333,10.51,72,74,1.03,NZ,1702313210
49,blackmans bay,-43.0167,147.3167,10.29,92,65,1.57,AU,1702313430
50,waitangi,-43.9535,-176.5597,13.79,87,99,1.34,NZ,1702313430
51,betio village,1.358,172.9211,27.02,74,93,1.69,KI,1702313431
52,afaahiti,-17.75,-149.2833,24.93,80,72,10.02,PF,1702313431
53,weno,7.4515,151.8468,28.24,76,100,7.04,FM,1702313431
54,susuman,62.7833,148.1667,-21.68,96,100,2.24,RU,1702313431
55,christiana,-27.914,25.1611,18.55,65,56,7.84,ZA,1702313431
56,ribeira grande,38.5167,-28.7,17.65,67,40,5.14,PT,1702313432
57,hermanus,-34.4187,19.2345,18.9,70,0,2.79,ZA,1702313432
58,taunggyi,20.7833,97.0333,14.36,95,9,0.71,MM,1702313432
59,ouadda,8.0777,22.4007,25.83,26,99,2.12,CF,1702313432
60,sao miguel do araguaia,-13.275,-50.1628,32.96,41,94,3.47,BR,1702313432
61,magadan,59.5667,150.8,-6.83,95,100,4.75,RU,1702313433
62,bel ombre,-4.6167,55.4167,27.91,83,40,0.51,SC,1702313433
63,nemuro,43.3236,145.575,1.36,55,96,1.53,JP,1702313433
64,chibougamau,49.9168,-74.3659,-7.21,86,100,4.12,CA,1702313433
65,chiang mai,18.75,99.0,25.04,83,20,1.03,TH,1702313433
66,chapaev,50.2,51.1667,-14.21,60,15,8.07,KZ,1702313433
67,garissa,-0.4536,39.6401,31.24,48,99,3.71,KE,1702313433
68,udachny,66.4167,112.4,-25.15,96,100,4.72,RU,1702313434
69,manta,-0.95,-80.7333,26.88,83,100,2.06,EC,1702313177
70,kruisfontein,-34.0033,24.7314,19.55,64,0,2.13,ZA,1702313434
71,nabire,-3.3667,135.4833,24.68,94,99,1.07,ID,1702313434
72,la sarre,48.8002,-79.1996,-10.45,77,97,3.68,CA,1702313424
73,saudarkrokur,65.7461,-19.6394,-3.17,91,100,4.29,IS,1702313434
74,malpe,13.35,74.7167,27.61,84,57,0.62,IN,1702313435
75,klyuchi,52.2667,79.1667,-23.3,84,86,5.81,RU,1702313435
76,wuchang,44.9143,127.15,-19.01,88,100,2.19,CN,1702313435
77,west island,-12.1568,96.8225,25.99,73,7,3.09,CC,1702313435
78,port alfred,-33.5906,26.891,21.21,85,10,0.89,ZA,1702313435
79,marolambo,-20.05,48.1167,23.26,92,67,0.85,MG,1702313435
80,riachao do jacuipe,-11.8069,-39.3856,36.98,20,62,4.15,BR,1702313436
81,kyzyl,51.7,94.45,-33.32,99,83,0.45,RU,1702313436
82,stanley,54.868,-1.6985,4.33,93,20,3.09,GB,1702313436
83,veinticinco de mayo,-35.4323,-60.1727,29.99,39,51,3.13,AR,1702313436
84,east london,-33.0153,27.9116,22.52,78,20,6.17,ZA,1702313436
85,odda,60.0691,6.5457,1.54,84,55,3.01,NO,1702313436
86,sisimiut,66.9395,-53.6735,0.03,76,100,15.68,GL,1702313436
87,orchard homes,46.8633,-114.0484,2.0,92,100,0.0,US,1702313436
88,mogocha,53.7333,119.7667,-34.45,97,6,1.4,RU,1702313437
89,isafjordur,66.0755,-23.124,-1.98,69,100,3.6,IS,1702313437
90,letterkenny,54.95,-7.7333,7.96,95,99,3.89,IE,1702313437
91,libreville,0.3925,9.4537,29.01,79,40,5.14,GA,1702313437
92,kapuskasing,49.4169,-82.4331,-10.95,79,100,4.12,CA,1702313388
93,colonia,50.9333,6.95,10.32,87,75,4.12,DE,1702313143
94,tolanaro,-25.0319,46.9987,27.04,89,20,7.2,MG,1702313437
95,kill devil hills,36.0307,-75.676,8.0,74,40,5.14,US,1702313379
96,ilulissat,69.2167,-51.1,1.01,80,75,2.57,GL,1702313438
97,bezhetsk,57.7851,36.6965,-6.5,92,100,6.94,RU,1702313438
98,port douglas,-16.4833,145.4667,26.51,74,97,2.0,AU,1702313438
99,hawaiian paradise park,19.5933,-154.9731,22.24,98,100,2.57,US,1702313179
100,moranbah,-22.0016,148.0466,22.61,86,99,9.63,AU,1702313438
101,carnarvon,-24.8667,113.6333,24.33,62,0,4.47,AU,1702313438
102,port augusta,-32.5,137.7667,19.3,58,26,2.01,AU,1702313438
103,whitehorse,60.7161,-135.0538,-3.57,80,75,9.77,CA,1702313269
104,tazovsky,67.4667,78.7,-26.0,96,100,3.81,RU,1702313439
105,utrik,11.2278,169.8474,27.14,78,48,9.23,MH,1702313439
106,kurumkan,54.3,110.3,-26.6,90,19,1.79,RU,1702313439
107,paita,-5.0892,-81.1144,24.61,68,8,5.54,PE,1702313439
108,rebola,3.7167,8.8333,25.62,89,20,2.06,GQ,1702313439
109,georgetown,5.4112,100.3354,26.08,94,20,1.54,MY,1702313164
110,broken hill,-31.95,141.4333,23.85,44,93,2.96,AU,1702313439
111,damara,4.9608,18.7035,26.36,38,92,1.2,CF,1702313440
112,margaret river,-33.95,115.0667,15.57,67,0,3.29,AU,1702313440
113,ma'rib,15.4591,45.3253,18.06,22,1,2.12,YE,1702313440
114,taoudenni,22.6783,-3.9836,26.25,12,28,4.35,ML,1702313440
115,bandarbeyla,9.4942,50.8122,25.64,74,72,9.45,SO,1702313440
116,pacasmayo,-7.4006,-79.5714,22.87,71,5,6.19,PE,1702313440
117,warrensburg,38.7628,-93.7361,5.01,53,0,4.63,US,1702313221
118,geiro,-6.15,36.8667,18.75,96,97,2.15,TZ,1702313441
119,punta arenas,-53.15,-70.9167,11.06,40,75,7.2,CL,1702313179
120,nadym,65.5333,72.5167,-25.91,88,100,5.82,RU,1702313441
121,saint-philippe,-21.3585,55.7679,25.77,78,61,4.07,RE,1702313441
122,namibe,-15.1961,12.1522,22.77,70,70,5.24,AO,1702313441
123,keflavik,64.0049,-22.5624,2.24,75,75,4.63,IS,1702313442
124,cono norte,-16.3166,-71.5829,22.03,23,20,4.63,PE,1702313442
125,lihue,21.9789,-159.3672,24.09,88,100,5.14,US,1702313442
126,murun-kuren,49.6342,100.1625,-22.39,95,35,0.51,MN,1702313442
127,labrador city,52.9463,-66.9114,-5.05,86,100,3.09,CA,1702313442
128,chonchi,-42.6128,-73.8092,14.56,96,100,1.41,CL,1702313442
129,canton,23.1167,113.25,25.49,62,61,0.91,CN,1702313273
130,ixtapa,20.7,-105.2,24.57,69,0,2.06,MX,1702313442
131,sao gabriel da cachoeira,-0.1303,-67.0892,32.89,66,75,1.54,BR,1702313443
132,farasan,16.7022,42.1183,27.5,69,31,2.85,SA,1702313443
133,sitka,57.0531,-135.33,5.94,75,100,8.23,US,1702313443
134,remire-montjoly,4.9167,-52.2667,32.02,58,75,6.17,GF,1702313443
135,pandan,14.0453,124.1694,26.8,85,39,5.01,PH,1702313443
136,nyala,12.05,24.8833,28.08,15,59,3.54,SD,1702313443
137,bathsheba,13.2167,-59.5167,29.34,74,75,7.72,BB,1702313443
138,arteche,12.2645,125.4048,25.79,89,97,3.14,PH,1702313444
139,vilyuchinsk,52.9306,158.4028,-5.85,82,14,4.46,RU,1702313444
140,atafu village,-8.5421,-172.5159,27.82,83,100,11.72,TK,1702313444
141,jerada,34.31,-2.16,18.68,33,71,1.29,MA,1702313444
142,talnakh,69.4865,88.3972,-24.89,97,100,4.47,RU,1702313380
143,bilibino,68.0546,166.4372,-18.89,94,100,1.48,RU,1702313444
144,northam,51.0333,-4.2167,10.7,94,38,5.3,GB,1702313444
145,santa ana,33.7456,-117.8678,23.48,38,75,1.54,US,1702313269
146,tura,25.5198,90.2201,15.59,85,0,1.47,IN,1702313445
147,vangaindrano,-23.35,47.6,25.31,90,94,3.06,MG,1702313445
148,murashi,59.3999,48.9615,-17.98,85,100,5.84,RU,1702313445
149,invercargill,-46.4,168.35,7.85,80,66,8.32,NZ,1702313445
150,st. john's,47.5649,-52.7093,10.64,95,100,9.77,CA,1702313252
151,dno,57.8277,29.9637,-1.92,94,100,4.34,RU,1702313445
152,hamilton,39.1834,-84.5333,2.26,75,100,3.6,US,1702313189
153,nuuk,64.1835,-51.7216,2.34,69,100,23.15,GL,1702313434
154,yung shue wan,22.2333,114.1167,24.62,85,9,0.07,HK,1702313445
155,ash shatrah,31.4117,46.1742,22.22,26,56,1.06,IQ,1702313446
156,polyarnyy,69.1989,33.4478,-12.57,89,89,6.98,RU,1702313446
157,at taj,24.2049,23.2857,14.75,60,1,4.71,LY,1702313446
158,puerto baquerizo moreno,-0.9,-89.6,26.55,78,75,5.14,EC,1702313446
159,huilong,31.8111,121.655,6.93,79,100,7.94,CN,1702313446
160,kokstad,-30.5472,29.4241,15.4,96,100,1.13,ZA,1702313446
161,madang,-5.2246,145.7966,25.23,93,95,1.04,PG,1702313446
162,iskateley,67.6803,53.1512,-16.66,94,100,9.39,RU,1702313446
163,karratha,-20.7377,116.8463,25.74,45,0,4.35,AU,1702313447
164,pangai,-19.8,-174.35,25.15,64,0,5.77,TO,1702313447
165,wailua homesteads,22.0669,-159.378,23.75,91,100,5.14,US,1702313447
166,bontang,0.1333,117.5,24.88,92,48,2.1,ID,1702313447
167,vernon,50.2581,-119.2691,2.09,94,94,1.03,CA,1702313283
168,sonipat,28.9833,77.0167,14.0,24,0,1.65,IN,1702313241
169,westport,41.1415,-73.3579,7.27,83,100,6.69,US,1702313447
170,college,64.8569,-147.8028,-8.03,73,75,2.06,US,1702313344
171,san juan,-31.5375,-68.5364,36.18,19,0,3.29,AR,1702313447
172,mokhsogollokh,61.4681,128.9203,-27.65,91,100,4.18,RU,1702313448
173,zaltan,32.947,11.8665,17.43,54,0,1.8,LY,1702313448
174,la'ie,21.6477,-157.9253,24.66,87,33,0.89,US,1702313448
175,palasa,18.7667,84.4167,20.13,70,5,1.68,IN,1702313448
176,papar,5.7333,115.9333,26.0,89,60,1.5,MY,1702313448
177,port mathurin,-19.6833,63.4167,26.46,73,100,3.07,MU,1702313448
178,praia da vitoria,38.7333,-27.0667,17.14,72,75,5.94,PT,1702313448
179,ushibukamachi,32.1906,130.0228,18.86,89,74,5.84,JP,1702313448
180,severo-yeniseyskiy,60.3725,93.0408,-40.24,100,80,0.45,RU,1702313449
181,plovdiv,42.15,24.75,5.17,87,75,1.54,BG,1702313449
182,nashik,19.9833,73.8,20.51,59,53,1.67,IN,1702313449
183,guerrero negro,27.9769,-114.0611,19.34,41,90,0.63,MX,1702313449
184,ust-nera,64.5667,143.2,-20.92,99,100,4.24,RU,1702313449
185,san andres,12.5847,-81.7006,29.01,84,40,5.66,CO,1702313449
186,sesheke,-17.4759,24.2968,26.56,44,86,1.41,ZM,1702313449
187,ayr,55.4627,-4.6339,5.94,93,20,3.6,GB,1702313450
188,aasiaat,68.7098,-52.8699,-0.61,73,100,6.72,GL,1702313450
189,constantia,44.1833,28.65,2.61,72,90,3.39,RO,1702313348
190,san patricio,28.017,-97.5169,17.14,24,89,1.67,US,1702313450
191,al bawiti,28.3492,28.8659,15.72,46,0,4.15,EG,1702313450
192,kerema,-7.9631,145.7785,25.63,88,71,1.4,PG,1702313450
193,thompson,55.7435,-97.8558,-8.91,86,100,7.72,CA,1702313450
194,mineiros,-17.5694,-52.5511,33.14,36,84,1.27,BR,1702313344
195,poquoson,37.1224,-76.3458,9.45,64,0,4.63,US,1702313222
196,quillacollo,-17.4,-66.2833,22.04,46,75,2.57,BO,1702313451
197,kone,-21.0595,164.8658,22.27,76,95,1.46,NC,1702313451
198,cox's bazar,21.4532,91.9798,18.27,80,1,3.36,BD,1702313240
199,pathein,16.7833,94.7333,23.63,85,1,3.25,MM,1702313451
200,prince rupert,54.3161,-130.3201,3.83,89,100,6.17,CA,1702313411
201,karlshamn,56.1706,14.8619,2.27,97,100,6.86,SE,1702313451
202,uturoa,-16.7333,-151.4333,26.97,76,57,9.49,PF,1702313451
203,cabo san lucas,22.8909,-109.9124,27.09,67,0,2.06,MX,1702313249
204,tobruk,32.0836,23.9764,16.8,60,37,1.13,LY,1702313451
205,bredasdorp,-34.5322,20.0403,20.04,55,0,4.74,ZA,1702313452
206,mil'kovo,55.6078,37.7956,-6.48,94,100,7.07,RU,1702313452
207,ambovombe,-25.1667,46.0833,24.98,88,99,2.32,MG,1702313452
208,scalby,53.7667,-0.7167,6.99,88,28,0.71,GB,1702313452
209,constitucion,-35.3333,-72.4167,18.03,65,46,6.32,CL,1702313452
210,parauapebas,-6.0675,-49.9022,28.99,73,40,2.57,BR,1702313452
211,massawa,15.6097,39.45,28.61,60,48,3.43,ER,1702313453
212,ancud,-41.8697,-73.8203,11.94,95,100,4.67,CL,1702313453
213,lubang,13.8584,120.124,27.82,78,70,7.73,PH,1702313453
214,badger,64.8,-147.5333,-8.07,73,75,2.06,US,1702313453
215,anadyr,64.75,177.4833,-26.67,75,0,4.0,RU,1702313453
216,xining,36.6167,101.7667,-3.21,58,1,1.31,CN,1702313453
217,ambato boeny,-16.4667,46.7167,30.6,57,86,2.48,MG,1702313454
218,as sulayyil,20.4607,45.5779,20.14,20,53,4.05,SA,1702313454
219,kargasok,59.0556,80.8572,-28.91,93,47,3.13,RU,1702313454
220,walvis bay,-22.9575,14.5053,19.53,68,0,4.12,NA,1702313454
221,santana,-0.0583,-51.1817,33.1,66,40,5.14,BR,1702313454
222,mopti,14.6667,-4.0,34.02,17,0,4.12,ML,1702313454
223,huaral,-11.495,-77.2078,24.25,60,12,3.59,PE,1702313455
224,kutum,14.2,24.6667,22.17,14,88,6.67,SD,1702313455
225,phan rang-thap cham,11.5667,108.9833,22.41,94,62,2.7,VN,1702313455
226,arraial do cabo,-22.9661,-42.0278,23.98,88,75,4.63,BR,1702313429
227,abepura,-2.6333,140.5833,27.45,78,20,3.6,ID,1702313455
228,ploneour-lanvern,47.9,-4.2833,13.18,100,100,4.63,FR,1702313455
229,coquimbo,-29.9533,-71.3436,19.85,68,0,5.66,CL,1702313455
230,fortuna,40.5982,-124.1573,10.75,98,0,0.0,US,1702313455
231,muscat,23.6139,58.5922,25.01,57,93,1.47,OM,1702313456
232,al jawf,29.5,38.75,21.81,49,100,4.15,SA,1702313456
233,kerikeri,-35.2268,173.9474,12.73,86,33,4.72,NZ,1702313456
234,mount isa,-20.7333,139.5,27.87,36,75,6.17,AU,1702313328
235,marsh harbour,26.5412,-77.0636,24.54,77,97,6.76,BS,1702313456
236,soata,6.3337,-72.6828,26.02,41,100,1.01,CO,1702313456
237,lembeni,-3.7833,37.6167,22.46,76,98,3.18,TZ,1702313456
238,bandar abbas,27.1865,56.2808,17.99,45,0,1.03,IR,1702313456
239,niafunke,15.9322,-3.9906,30.79,9,0,4.72,ML,1702313457
240,kourou,5.1552,-52.6478,32.03,64,25,4.12,GF,1702313457
241,akureyri,65.6835,-18.0878,-2.04,69,40,0.0,IS,1702313457
242,palikir - national government center,6.9248,158.1611,27.41,83,40,2.57,FM,1702313457
243,okola,4.0167,11.3833,27.25,80,92,1.28,CM,1702313457
244,cannonvale,-20.2833,148.7,25.66,90,77,10.77,AU,1702313457
245,cockburn town,21.4612,-71.1419,28.98,70,40,6.17,TC,1702313457
246,zouerate,22.7187,-12.4521,24.4,11,0,6.66,MR,1702313457
247,fort bragg,35.139,-79.006,9.34,62,75,4.63,US,1702313184
248,el calafate,-50.3408,-72.2768,10.96,48,100,3.54,AR,1702313458
249,saldanha,-33.0117,17.9442,22.03,79,0,8.68,ZA,1702313458
250,reggane,26.7158,0.1714,21.53,27,22,4.35,DZ,1702313458
251,eyl,7.9803,49.8164,25.51,72,57,10.26,SO,1702313458
252,orcopampa,-15.2661,-72.3417,12.19,69,100,1.1,PE,1702313458
253,shenjiamen,29.9576,122.298,9.96,78,94,10.35,CN,1702313458
254,port blair,11.6667,92.75,28.02,78,40,1.03,IN,1702313458
255,mollendo,-17.0231,-72.0147,21.24,78,93,3.34,PE,1702313459
256,rabo de peixe,37.8,-25.5833,17.77,99,40,7.2,PT,1702313459
257,haiku-pauwela,20.9219,-156.3051,24.47,93,100,0.0,US,1702313459
258,sungai penuh,-2.0833,101.3833,18.36,98,99,0.42,ID,1702313459
259,karasu,41.071,30.7854,9.55,79,30,0.53,TR,1702313459
260,chicoana,-25.1009,-65.5331,26.7,47,41,4.17,AR,1702313459
261,treuchtlingen,48.95,10.9167,9.99,80,63,6.78,DE,1702313459
262,port macquarie,-31.4333,152.9167,17.16,90,4,2.35,AU,1702313230
263,portland,45.5234,-122.6762,10.32,97,100,2.68,US,1702313271
264,kristiansund,63.1115,7.732,-2.64,80,0,1.54,NO,1702313460
265,tiksi,71.6872,128.8694,-23.35,99,100,3.98,RU,1702313460
266,kasongo-lunda,-6.4667,16.8167,23.27,95,97,0.92,CD,1702313460
267,forster,-32.1667,152.5167,16.88,100,1,2.34,AU,1702313460
268,norwich,52.6278,1.2983,9.64,91,75,3.6,GB,1702313452
269,dailekh,28.8333,81.6667,9.91,73,34,2.24,NP,1702313460
270,meadow lake,34.8014,-106.5436,9.26,41,100,2.06,US,1702313461
271,lata,40.1629,-8.3327,17.73,83,100,1.91,PT,1702313461
272,kupang,-10.1667,123.5833,27.32,100,40,0.51,ID,1702313461
273,selfoss,63.9331,-20.9971,-1.09,96,75,1.74,IS,1702313461
274,banamba,13.55,-7.45,32.88,8,0,4.04,ML,1702313461
275,umba,66.6871,34.3429,-13.54,97,100,2.96,RU,1702313461
276,anatoli,39.6389,20.8653,5.86,93,100,0.51,GR,1702313461
277,ventspils,57.3894,21.5606,-2.04,93,100,3.09,LV,1702313461
278,sile,41.1754,29.6133,11.98,73,41,1.34,TR,1702313462
279,el jadid,33.2549,-8.506,20.13,69,100,2.95,MA,1702313462
280,kununurra,-15.7667,128.7333,28.99,70,100,0.0,AU,1702313462
281,la reforma,25.0833,-108.05,23.78,36,0,2.59,MX,1702313462
282,robertsport,6.7533,-11.3686,28.52,73,20,5.27,LR,1702313463
283,koungheul,13.9833,-14.8,36.3,9,25,2.64,SN,1702313463
284,guiyang,26.5833,106.7167,10.27,81,100,6.0,CN,1702313463
285,tarawa,1.419,172.984,27.05,94,40,1.03,KI,1702313463
286,dunedin,-45.8742,170.5036,10.45,67,79,2.24,NZ,1702313463
287,dumas,35.8656,-101.9732,11.45,36,0,2.06,US,1702313463
288,kirovsk,48.6375,38.6428,0.47,93,100,7.43,UA,1702313464
289,gogrial,8.5332,28.1004,31.28,21,52,0.34,SS,1702313464
290,newman,37.3138,-121.0208,7.36,52,13,1.91,US,1702313464
291,mossel bay,-34.1831,22.146,22.96,70,0,1.69,ZA,1702313464
292,sparti,37.0733,22.4297,12.75,88,34,0.43,GR,1702313414
293,kapa'a,22.0752,-159.319,24.5,91,100,5.14,US,1702313464
294,kalachinsk,55.0529,74.5751,-27.88,90,6,5.47,RU,1702313464
295,cruzeiro do sul,-29.5128,-51.9853,28.62,65,70,2.02,BR,1702313429
296,hjorring,57.4642,9.9823,1.95,91,100,6.77,DK,1702313465
297,labytnangi,66.6572,66.4183,-25.74,98,100,3.9,RU,1702313465
298,qamdo,31.1667,97.2333,-8.82,22,33,0.43,CN,1702313465
299,jaguaribe,-5.8906,-38.6219,37.06,23,19,4.28,BR,1702313465
300,port elizabeth,-33.918,25.5701,22.16,76,0,4.12,ZA,1702313465
301,macaubas,-13.0194,-42.6986,37.07,19,48,1.64,BR,1702313465
302,maydolong,11.4992,125.5011,26.43,85,85,3.41,PH,1702313466
303,arkalyk,50.2486,66.9114,-26.66,84,68,7.35,KZ,1702313466
304,awka,6.2101,7.0741,30.65,29,3,0.66,NG,1702313466
305,villa mercedes,-33.6757,-65.4578,34.52,22,9,10.09,AR,1702313466
306,bol'shoye boldino,55.0059,45.3142,-12.82,87,100,7.87,RU,1702313466
307,ebon,4.582,168.6964,27.35,83,100,6.66,MH,1702313466
308,tofol,5.3248,163.0078,27.8,80,79,6.29,FM,1702313466
309,tazacorte,28.629,-17.9293,25.64,43,3,6.69,ES,1702313467
310,al kharijah,25.4514,30.5464,18.83,32,1,4.38,EG,1702313467
311,parkes,-33.1333,148.1833,25.2,54,0,5.0,AU,1702313435
312,margate,51.3813,1.3862,9.83,76,23,0.89,GB,1702313467
313,wazirganj,28.2167,79.05,15.32,27,0,1.3,IN,1702313467
314,pochinki,54.6988,44.8668,-13.43,92,100,7.5,RU,1702313467
315,holualoa,19.6228,-155.9522,23.26,81,20,2.57,US,1702313467
316,pitkyaranta,61.5734,31.4792,-10.27,94,100,4.7,RU,1702313468
317,puerto madero,14.7208,-92.4215,32.11,66,0,0.0,MX,1702313468
318,malpura,26.2833,75.3833,16.86,45,0,1.29,IN,1702313468
319,porto novo,6.4965,2.6036,30.9,64,40,3.99,BJ,1702313425
320,grand falls-windsor,48.9332,-55.6649,12.5,89,100,3.13,CA,1702313468
321,laguna,38.421,-121.4238,11.71,100,0,0.0,US,1702313468
322,andovoranto,-18.95,49.1,25.85,88,7,2.15,MG,1702313469
323,laojunmiao,39.8333,97.7333,1.28,13,0,5.48,CN,1702313469
324,petropavlovsk-kamchatsky,53.0452,158.6483,-6.67,87,75,7.6,RU,1702313469
325,bani walid,31.7566,13.9942,15.32,54,0,4.45,LY,1702313469
326,kirensk,57.7853,108.1119,-32.8,100,98,0.89,RU,1702313469
327,mejit,10.2753,170.8646,27.0,71,43,9.07,MH,1702313469
328,hadsund,56.7148,10.1168,2.53,95,100,6.49,DK,1702313470
329,ksar el boukhari,35.8889,2.7491,16.03,51,0,1.08,DZ,1702313470
330,howard springs,-12.497,131.047,25.95,95,42,1.79,AU,1702313470
331,bam,29.106,58.357,15.93,20,100,0.94,IR,1702313470
332,lethem,3.3803,-59.7968,36.9,33,31,4.34,GY,1702313470
333,tual,-5.6667,132.75,28.69,77,89,6.35,ID,1702313470
334,chemolgan,43.1897,76.5292,-9.19,96,100,0.85,KZ,1702313470
335,anloga,5.7947,0.8973,29.15,70,100,5.57,GH,1702313471
336,jimo,36.3897,120.4622,0.88,80,100,4.0,CN,1702313471
337,thabazimbi,-24.5917,27.4116,21.42,76,83,3.07,ZA,1702313471
338,gamba,-2.65,10.0,26.37,81,96,2.61,GA,1702313471
339,ambon,-3.6954,128.1814,25.08,94,40,2.06,ID,1702313471
340,patterson,37.4716,-121.1297,11.79,49,17,2.12,US,1702313214
341,saguenay,48.4168,-71.0657,-1.07,93,100,6.17,CA,1702313222
342,rijau,11.103,5.2507,27.96,15,0,3.38,NG,1702313471
343,carolina beach,34.0352,-77.8936,10.05,73,40,6.33,US,1702313472
344,touros,-5.1989,-35.4608,30.0,58,6,6.58,BR,1702313472
345,angel r. cabada,18.5833,-95.4333,19.72,83,100,4.97,MX,1702313281
346,toliara,-23.35,43.6667,27.08,70,91,4.81,MG,1702313472
347,cavan,53.9908,-7.3606,6.48,91,99,4.64,IE,1702313473
348,sao joao da barra,-21.6403,-41.0511,33.05,78,100,4.85,BR,1702313473
349,horta,38.5333,-28.6333,17.23,74,40,5.14,PT,1702313216
350,lysianka,49.2523,30.8295,1.74,99,100,4.29,UA,1702313473
351,troitskoye,52.9821,84.6757,-26.2,94,77,3.22,RU,1702313473
352,wakkanai,45.4094,141.6739,-2.73,63,90,2.68,JP,1702313474
353,ocotlan de morelos,16.8,-96.6667,18.9,57,85,1.67,MX,1702313474
354,vanimo,-2.6741,141.3028,26.23,92,88,4.69,PG,1702313474
355,ermoupolis,37.4423,24.9425,14.39,77,20,5.66,GR,1702313474
356,kuna,43.4918,-116.4201,3.34,95,100,2.57,US,1702313213
357,i-n-salah,27.1935,2.4607,20.19,28,0,5.18,DZ,1702313474
358,houlton,46.1262,-67.8403,3.23,99,100,3.6,US,1702313474
359,cedeira,43.6797,-8.0209,17.21,76,100,9.72,ES,1702313475
360,sinan,34.8262,126.1086,11.06,94,95,9.5,KR,1702313475
361,darwin,-12.4611,130.8418,25.99,91,40,0.51,AU,1702313475
362,nova sintra,14.8667,-24.7167,23.53,64,19,7.12,CV,1702313475
363,larache,35.1932,-6.1557,19.43,64,100,1.45,MA,1702313475
364,lichuan,30.3,108.85,6.8,96,100,1.19,CN,1702313476
365,nar'yan-mar,67.6713,53.087,-16.61,94,100,9.39,RU,1702313476
366,neelankarai,12.9455,80.2575,26.03,83,40,1.54,IN,1702313476
367,fauske,67.2588,15.3918,-3.46,80,8,3.26,NO,1702313476
368,thunder bay,48.4001,-89.3168,-5.01,73,40,3.6,CA,1702313347
369,saipan,15.1355,145.701,27.39,83,20,4.12,MP,1702313476
370,huarmey,-10.0681,-78.1522,23.76,69,9,5.16,PE,1702313477
371,dyatlovo,53.4631,25.4068,0.46,98,100,6.64,BY,1702313477
372,gwanda,-20.9333,29.0,22.27,76,100,3.51,ZW,1702313477
373,vadso,70.0744,29.7487,-6.91,79,75,6.69,NO,1702313477
374,iquique,-20.2208,-70.1431,22.02,64,62,4.02,CL,1702313391
375,crane,31.3974,-102.3501,12.33,18,4,1.83,US,1702313477
376,markaz-e hukumat-e darweshan,31.1323,64.1934,13.02,28,44,2.77,AF,1702313477
377,kribi,2.95,9.9167,27.5,79,45,3.31,CM,1702313478
378,cruz alta,-28.6386,-53.6064,26.3,54,0,2.95,BR,1702313478
379,dakhla,23.6848,-15.958,27.01,18,54,4.12,EH,1702313478
380,registro,-24.4875,-47.8436,27.01,68,69,3.63,BR,1702313478
381,deqen,29.9618,90.7188,-8.18,66,3,0.69,CN,1702313479
382,akwatia,6.0402,-0.8088,31.68,41,22,1.27,GH,1702313479
383,tome acu,-2.4189,-48.1522,32.23,51,94,1.86,BR,1702313479
384,chunskiy,56.0815,99.6342,-32.96,100,28,0.41,RU,1702313479
385,monte argentario,42.4345,11.1195,15.89,89,65,3.15,IT,1702313480
386,mikun',62.3547,50.0771,-16.0,87,100,5.49,RU,1702313480
387,giyani,-23.3025,30.7187,22.01,87,98,1.55,ZA,1702313480
388,ingeniero luis a. huergo,-39.0833,-67.2333,32.72,15,5,10.85,AR,1702313480
389,ketchikan,55.3422,-131.6461,2.99,86,100,3.09,US,1702313366
390,nogliki,51.8333,143.1667,-19.81,86,50,5.81,RU,1702313481
391,inari,68.906,27.0288,-11.89,91,93,3.26,FI,1702313481
392,khandyga,62.6667,135.6,-33.48,98,100,0.64,RU,1702313481
393,inarajan village,13.2736,144.7484,27.54,93,81,5.83,GU,1702313481
394,quartu sant'elena,39.2419,9.1839,18.12,78,20,4.63,IT,1702313464
395,kandira,41.0736,30.1746,7.1,89,19,1.84,TR,1702313482
396,bondo,3.8146,23.6866,25.29,69,74,0.43,CD,1702313482
397,tapes,-30.6733,-51.3958,24.67,65,36,4.89,BR,1702313482
398,bandon,51.7469,-8.7425,11.77,95,100,6.81,IE,1702313352
399,tagab,34.855,69.6492,8.24,22,27,1.74,AF,1702313482
400,zaozersk,69.4005,32.4476,-13.44,89,90,8.19,RU,1702313483
401,enewetak,11.3474,162.3373,27.91,77,64,8.65,MH,1702313483
402,lucheng,31.2336,117.2806,2.84,90,100,5.28,CN,1702313483
403,dolores,-36.3132,-57.6792,25.34,47,99,7.0,AR,1702313483
404,lokomotivnyy,53.0118,60.5684,-28.77,93,80,4.66,RU,1702313483
405,katsuren-haebaru,26.3369,127.8719,24.43,90,40,3.6,JP,1702313483
406,nzega,-2.479,29.5564,14.86,94,98,0.93,RW,1702313484
407,santa sylvina,-27.8326,-61.1375,33.29,26,0,5.18,AR,1702313484
408,lander,42.833,-108.7307,-0.57,65,20,1.54,US,1702313484
409,greenwood,34.1668,-82.1165,8.49,65,0,1.54,US,1702313485
410,mount gambier,-37.8333,140.7667,17.82,78,100,3.64,AU,1702313485
411,pampa,35.5362,-100.9599,11.02,37,0,4.12,US,1702313485
412,nizhneudinsk,54.9076,99.0276,-33.47,99,20,0.88,RU,1702313485
413,alvaraes,-3.2208,-64.8042,26.93,62,97,0.82,BR,1702313485
414,chernyshevsk,52.5243,117.0174,-35.0,100,9,0.6,RU,1702313486
415,bengkulu,-3.8004,102.2655,23.99,94,78,1.78,ID,1702313360
416,amga,60.8953,131.9608,-28.67,94,100,2.75,RU,1702313486
417,villanueva,15.3167,-88.0,22.8,100,100,3.09,HN,1702313486
418,dudinka,69.4058,86.1778,-24.62,98,100,6.26,RU,1702313486
419,altay,47.8667,88.1167,-8.2,96,100,1.31,CN,1702313355
420,novyy urgal,51.0736,132.5642,-31.23,98,16,0.68,RU,1702313487
421,sao tome,0.3365,6.7273,28.02,78,75,2.06,ST,1702313487
422,lompoc,34.6391,-120.4579,18.8,71,0,4.92,US,1702313483
423,ullal,12.8,74.85,27.53,89,40,1.54,IN,1702313487
424,pisco,-13.7,-76.2167,23.34,78,0,4.12,PE,1702313487
425,villaguay,-31.8653,-59.0269,28.13,45,1,5.81,AR,1702313488
426,mahdia,35.5047,11.0622,18.97,62,26,3.82,TN,1702313488
427,kolonia,50.9333,6.95,10.53,83,75,4.12,DE,1702313402
428,lexington,37.9887,-84.4777,2.75,69,75,3.09,US,1702313172
429,sao sebastiao do paraiso,-20.9169,-46.9914,26.26,65,63,4.0,BR,1702313488
430,baiyin,36.5583,104.2081,-1.47,46,0,1.16,CN,1702313435
431,motueka,-41.1333,173.0167,8.94,76,20,3.79,NZ,1702313488
432,port saint john's,-31.6229,29.5448,21.32,86,99,4.14,ZA,1702313489
433,mbanza-ngungu,-5.25,14.8667,22.95,90,98,1.58,CD,1702313489
434,kingston,17.997,-76.7936,30.69,70,20,6.17,JM,1702313212
435,keningau,5.3378,116.1602,22.2,99,52,0.83,MY,1702313489
436,mboursou lere,9.7639,14.1539,27.17,20,55,3.12,TD,1702313489
437,saint-joseph,-21.3667,55.6167,25.21,78,49,4.58,RE,1702313479
438,salalah,17.0151,54.0924,25.05,53,0,2.57,OM,1702313489
439,hithadhoo,-0.6,73.0833,28.28,75,44,2.73,MV,1702313489
440,panaba,21.2833,-88.2667,25.11,58,98,6.48,MX,1702313490
441,mayya,61.7333,130.2811,-32.38,94,100,3.22,RU,1702313490
442,ta`u,-14.2336,-169.5144,26.67,88,90,8.71,AS,1702313490
443,tongliao,43.6125,122.2653,-18.76,93,23,2.21,CN,1702313490
444,francistown,-21.17,27.5079,25.17,61,92,3.5,BW,1702313490
445,chaiya,9.3862,99.1986,26.05,84,73,1.91,TH,1702313491
446,warrenton,-28.114,24.8475,20.14,57,42,6.84,ZA,1702313491
447,puerto rico,-26.796,-55.024,32.64,35,7,1.5,AR,1702313491
448,queenstown,-31.8976,26.8753,19.35,66,85,3.25,ZA,1702313491
449,ayorou,14.7308,0.9174,28.48,13,0,4.9,NE,1702313491
450,dikhil,11.5,42.1667,22.66,62,28,5.52,DJ,1702313491
451,uruzgan,32.8333,66.0,6.2,28,98,0.57,AF,1702313491
452,flying fish cove,-10.4217,105.6791,24.82,78,40,3.6,CX,1702313492
453,n'zeto,-7.2312,12.8666,27.26,76,100,3.53,AO,1702313492
454,khoyniki,51.8911,29.9552,0.04,93,100,5.02,BY,1702313492
455,ogaminana,7.5946,6.2248,31.57,39,53,0.35,NG,1702313492
456,socorro,31.6546,-106.3033,10.66,26,40,0.0,US,1702313492
457,leh,34.1667,77.5833,-6.61,40,98,1.39,IN,1702313492
458,cold lake,54.4502,-110.2017,-10.03,62,20,7.72,CA,1702313493
459,minas de marcona,-15.2119,-75.1103,22.12,57,96,5.77,PE,1702313493
460,sortavala,61.7053,30.6918,-9.99,96,100,4.47,RU,1702313493
461,winnemucca,40.973,-117.7357,-7.97,79,0,0.0,US,1702313493
462,kalmunai,7.4167,81.8167,25.61,89,99,2.56,LK,1702313493
463,zapolyarnyy,69.4154,30.8136,-10.4,93,88,5.6,RU,1702313493
464,ambodifotatra,-16.9833,49.85,27.01,83,2,3.45,MG,1702313494
465,tonota,-21.4833,27.4833,23.63,71,99,4.1,BW,1702313494
466,songjianghe,42.1859,127.479,-11.42,94,100,1.85,CN,1702313494
467,pong,19.1493,100.2752,21.91,97,3,0.48,TH,1702313494
468,soledade,-28.8183,-52.5103,25.37,51,0,1.33,BR,1702313494
469,demopolis,32.5176,-87.8364,7.97,57,0,3.09,US,1702313495
470,krasnokamensk,50.0979,118.0369,-34.58,99,26,0.65,RU,1702313495
471,boguchany,58.3814,97.4531,-32.86,99,87,0.89,RU,1702313495
472,tindouf,27.6711,-8.1474,23.25,20,59,8.23,DZ,1702313495
473,virginia,37.5481,-77.4467,8.35,72,20,7.2,US,1702313495
474,tsiombe,-25.3,45.4833,25.91,79,91,2.25,MG,1702313495
475,maxixe,-23.8597,35.3472,28.9,88,75,7.72,MZ,1702313496
476,bonthe,7.5264,-12.505,29.82,64,80,4.94,SL,1702313496
477,rogers park,61.1981,-149.8492,-1.71,89,100,4.63,US,1702313496
478,ugoofaaru,5.6667,73.0,28.15,76,65,2.77,MV,1702313496
479,yaren,-0.5472,166.916,28.34,77,78,3.92,NR,1702313496
480,kaa-khem,51.6833,94.7333,-33.66,96,70,1.21,RU,1702313496
481,mandiana,10.6333,-8.6833,33.63,10,76,2.11,GN,1702313496
482,port lincoln,-34.7333,135.8667,15.93,88,42,1.51,AU,1702313497
483,kas,36.2018,29.6377,14.64,77,29,2.4,TR,1702313497
484,de aar,-30.6497,24.0123,23.25,36,93,5.01,ZA,1702313497
485,chauk,20.8833,94.8167,22.63,71,26,2.39,MM,1702313497
486,almus,40.3758,36.9044,9.26,83,100,1.57,TR,1702313497
487,kentwood,42.8695,-85.6448,1.21,78,100,2.57,US,1702313497
488,barcelos,41.5388,-8.6151,17.08,88,100,3.61,PT,1702313293
489,mount pearl,47.5166,-52.7813,10.18,95,100,9.77,CA,1702313497
490,el colomo,19.05,-104.25,30.8,45,77,1.82,MX,1702313498
491,varna,43.2167,27.9167,5.24,87,20,2.57,BG,1702313377
492,paracuru,-3.41,-39.0306,28.95,54,60,6.82,BR,1702313498
493,paciran,-6.8767,112.3761,26.25,79,95,3.42,ID,1702313498
494,kavaratti,10.5669,72.642,28.8,70,64,0.7,IN,1702313412
495,st. paul,44.9444,-93.0933,-3.63,88,100,3.6,US,1702313498
496,callao,-12.0667,-77.15,23.16,68,0,2.57,PE,1702313498
497,mata-utu,-13.2816,-176.1745,27.52,79,100,5.3,WF,1702313499
498,suntar,62.1444,117.6319,-28.27,96,100,2.65,RU,1702313499
499,turpan,42.9333,89.1667,0.65,61,72,0.17,CN,1702313499
500,nishon tumani,38.694,65.6751,5.14,93,20,4.12,UZ,1702313499
501,meulaboh,4.1363,96.1285,25.27,90,100,1.59,ID,1702313499
502,buka,40.8108,69.1986,0.21,97,100,3.66,UZ,1702313500
503,viveiro,43.6623,-7.5934,17.91,81,100,6.32,ES,1702313500
504,faya-largeau,17.9257,19.1043,21.37,27,0,5.97,TD,1702313500
505,adam,22.3756,57.5233,22.06,30,13,1.66,OM,1702313500
506,marang,5.2056,103.2059,27.95,88,88,1.69,MY,1702313500
507,callaway,30.153,-85.5699,13.87,59,0,3.6,US,1702313501
508,valparaiso,-33.0393,-71.6273,20.56,71,100,2.57,CL,1702313445
509,suva,-18.1416,178.4415,20.71,94,75,3.43,FJ,1702313501
510,igarka,67.4667,86.5833,-24.03,99,100,3.81,RU,1702313501
511,gornyak,50.9942,81.4661,-21.95,95,100,4.92,RU,1702313501
512,el granada,37.5027,-122.4694,13.26,80,0,2.06,US,1702313501
513,cestos city,5.46,-9.5828,28.2,72,29,4.11,LR,1702313501
514,emerald,-23.5333,148.1667,23.52,67,100,5.9,AU,1702313502
515,tchintabaraden,15.8969,5.7985,23.68,20,1,5.51,NE,1702313502
516,sao felix do xingu,-6.6447,-51.995,29.73,71,93,1.97,BR,1702313502
517,la ligua,-32.4524,-71.2311,22.97,51,40,4.79,CL,1702313502
518,vila velha,-20.3297,-40.2925,29.97,78,75,6.69,BR,1702313502
519,armacao de buzios,-22.7469,-41.8817,28.03,82,100,4.63,BR,1702313503
520,terrace,54.5163,-128.6035,-0.44,100,100,1.03,CA,1702313503
521,ramon castilla,-4.2569,-69.9594,24.14,94,75,1.03,PE,1702313503
522,yorkton,51.2167,-102.4677,-4.09,63,20,9.26,CA,1702313503
523,lamu,-2.2717,40.902,27.12,86,68,4.58,KE,1702313503
524,geraldton,-28.7667,114.6,16.23,82,0,2.57,AU,1702313503
525,bafoulabe,13.8065,-10.8321,35.33,8,40,2.11,ML,1702313503
526,stonehaven,56.9637,-2.2118,5.29,98,100,5.38,GB,1702313503
527,antsiranana,-12.2787,49.2917,26.48,82,26,5.62,MG,1702313504
528,castillos,-34.1667,-53.8333,23.42,60,11,5.44,UY,1702313504
529,kailua-kona,19.6406,-155.9956,25.33,82,20,2.57,US,1702313278
530,jwaneng,-24.6004,24.7303,28.46,20,100,4.39,BW,1702313504
531,pemangkat,1.1667,108.9667,25.47,87,100,1.75,ID,1702313504
532,nguigmi,14.2495,13.1092,22.64,24,0,5.19,NE,1702313504
533,santa cruz,-17.8,-63.1667,31.03,58,40,2.57,BO,1702313470
534,jutai,-5.1833,-68.9,31.62,72,89,1.13,BR,1702313505
535,alesund,62.4723,6.1549,0.97,84,0,3.6,NO,1702313501
536,baciu,46.8,23.5167,1.68,87,0,3.09,RO,1702313505
537,fort mcmurray,56.7268,-111.381,-12.23,66,0,5.14,CA,1702313500
538,mar del plata,-38.0023,-57.5575,29.35,74,40,11.62,AR,1702313164
539,palmer,42.1584,-72.3287,5.74,78,100,3.09,US,1702313377
540,nelson bay,-32.7167,152.15,21.67,95,1,4.92,AU,1702313505
541,willis,30.4249,-95.4799,14.55,48,0,2.06,US,1702313215
542,kapit,2.0167,112.9333,23.03,99,85,0.27,MY,1702313505
543,saint-pierre,-21.3393,55.4781,25.82,73,0,6.69,RE,1702313506
544,tefe,-3.3542,-64.7114,27.06,89,75,3.09,BR,1702313479
545,kwolla,8.9333,9.2833,29.56,18,8,3.52,NG,1702313506
546,dezhou,37.4486,116.2925,-2.98,83,100,0.24,CN,1702313506
547,goundam,16.4145,-3.6708,29.81,10,0,4.49,ML,1702313506
548,la passe,45.5549,-0.8967,14.13,97,100,6.51,FR,1702313506
549,yima,34.7381,111.8839,-0.99,99,100,1.26,CN,1702313506
550,thinadhoo,0.5333,72.9333,27.86,77,14,2.51,MV,1702313507
551,ha tinh,18.3333,105.9,22.84,95,29,1.02,VN,1702313507
552,timimoun,29.2639,0.231,22.21,20,0,1.54,DZ,1702313507
553,ribas do rio pardo,-20.4431,-53.7592,36.62,32,13,1.0,BR,1702313507
554,siverskiy,59.3544,30.0783,-5.8,96,100,3.33,RU,1702313507
555,yilan,24.757,121.753,25.01,97,11,1.38,TW,1702313507
556,mbamba bay,-11.2833,34.7667,27.66,70,96,3.72,TZ,1702313507
557,el alto,-4.2714,-81.2147,26.81,67,47,5.87,PE,1702313508
558,benghazi,32.1167,20.0667,18.7,67,64,7.0,LY,1702313508
559,noshiro,40.2039,140.0242,2.62,71,100,2.27,JP,1702313508
560,machico,32.7,-16.7667,24.28,77,20,2.57,PT,1702313508
561,hasaki,35.7333,140.8333,12.38,85,100,3.25,JP,1702313508
562,codrington,-38.2667,141.9667,15.77,90,100,4.46,AU,1702313508
563,pionerskiy,54.9508,20.2275,0.91,89,100,2.87,RU,1702313508
564,ruokolahti,61.2833,28.8333,-7.83,95,100,3.52,FI,1702313508
565,nagqu,31.5,92.0,-16.44,47,1,1.95,CN,1702313509
566,harstad,68.799,16.5293,-1.03,94,84,1.92,NO,1702313509
567,lesnoy,57.6198,63.0784,-34.54,100,7,1.01,RU,1702313509
568,khandud,36.9513,72.318,-4.09,88,100,2.17,AF,1702313509
569,antofagasta,-23.65,-70.4,20.6,66,71,4.46,CL,1702313509
570,sarkand,45.41,79.9186,-7.6,97,100,1.08,KZ,1702313509
571,egilsstadir,65.2653,-14.3948,-4.05,68,0,2.06,IS,1702313509
572,mae ramat,16.984,98.5166,25.44,93,45,0.53,TH,1702313509
573,mana,5.6592,-53.7767,29.39,69,28,4.58,GF,1702313510
